{
  "NORTH": {
    "STUDENT_UNION": 0.0,
    "COLONIE": 1096.019731994457,
    "GEORGIAN": 2096.042433394164,
    "STAC_1": 2389.4037101506233,
    "STAC_2": 2591.106151384964,
    "STAC_3": 2878.90588592678,
    "ECAV": 3071.2495174705828,
    "HOUSTON_FIELD_HOUSE": 3369.472193178236,
    "STUDENT_UNION_RETURN": 4265.960366685179
  },
  "WEST": {
    "STUDENT_UNION": 0.0,
    "ACADEMY_HALL": 439.30748996870886,
    "POLYTECHNIC": 1024.5248880820184,
    "CITY_STATION": 2382.3122689924494,
    "BLITMAN": 2727.195861015633,
    "CHASAN": 2932.6383411309016,
    "FEDERAL_6TH": 3471.8553908801937,
    "WEST_HALL": 3940.0772431640853,
    "HEFFNER_HOUSE": 4562.7567978452635,
    "STUDENT_UNION_RETURN": 5082.663640904101
  }
}