{
    "STOPS": [
        "STUDENT_UNION",
        "COLONIE",
        "STAC_1",
        "STAC_2",
        "STAC_3",
        "ECAV",
        "HOUSTON_FIELD_HOUSE"
    ],

    "STUDENT_UNION": [42.730711, -73.676737],
    "COLONIE": [42.737048, -73.670397],
    "STAC_1": [42.735468, -73.663655],
    "STAC_2": [42.734526, -73.663352],
    "STAC_3": [42.732657, -73.665156],
    "ECAV": [42.730887, -73.667313],
    "HOUSTON_FIELD_HOUSE": [42.731718, -73.669684],

    "ROUTES": [
        [
            [42.730711, -73.676737],
            [42.730676, -73.676552],
            [42.730606, -73.676315],
            [42.730531, -73.676165],
            [42.730398, -73.675924],
            [42.730352, -73.675786],
            [42.730189, -73.675337],
            [42.730085, -73.675131],
            [42.730012, -73.675026],
            [42.729621, -73.674566],
            [42.729503, -73.674358],
            [42.729431, -73.674078],
            [42.729351, -73.673472],
            [42.729236, -73.673054],
            [42.729094, -73.672672],
            [42.729072, -73.672616],
            [42.729072, -73.672616],
            [42.729127, -73.6726],
            [42.729193, -73.672582],
            [42.729625, -73.672462],
            [42.730326, -73.672267],
            [42.730544, -73.672206],
            [42.731367, -73.671978],
            [42.731561, -73.671924],
            [42.732407, -73.671688],
            [42.733623, -73.671347],
            [42.734017, -73.671238],
            [42.734622, -73.671072],
            [42.735645, -73.670785],
            [42.735721, -73.670764],
            [42.736457, -73.670561],
            [42.736917, -73.670435],
            [42.737048, -73.670397]
        ],
        [
            [42.737048, -73.670397],
            [42.73762, -73.670232],
            [42.738223, -73.670073],
            [42.738271, -73.670061],
            [42.738271, -73.670061],
            [42.738243, -73.669868],
            [42.738232, -73.669789],
            [42.73816, -73.669288],
            [42.738132, -73.669098],
            [42.738032, -73.668387],
            [42.738007, -73.668209],
            [42.737983, -73.668039],
            [42.737937, -73.667723],

            [42.737828, -73.666967],
            [42.737775, -73.666606],
            [42.737767, -73.666549],
            [42.737767, -73.666549],
            [42.736007, -73.667062],
            [42.73596, -73.667084],
            [42.73596, -73.667084],
            [42.735782, -73.665837],
            [42.735664, -73.665015],
            [42.735587, -73.664479],
            [42.735468, -73.663655]
        ],
        [
            [42.735468, -73.663655],
            [42.735424, -73.663337],
            [42.735403, -73.663246],
            [42.735362, -73.663182],
            [42.735279, -73.66315],
            [42.734526, -73.663352]
        ],
        [
            [42.734526, -73.663352],
            [42.734447, -73.663374],
            [42.734186, -73.663444],
            [42.734041, -73.66351],
            [42.733933, -73.6636],
            [42.732854, -73.664914],
            [42.732657, -73.665156]
        ],
        [
            [42.732657, -73.665156],
            [42.731967, -73.665987],
            [42.731643, -73.666282],
            [42.731414, -73.666453],
            [42.731277, -73.666559],
            [42.73102, -73.666773],
            [42.730921, -73.66693],
            [42.730887, -73.667073],
            [42.730877, -73.667215],
            [42.730887, -73.667313]
        ],
        [
            [42.730887, -73.667313],
            [42.731187, -73.668074],
            [42.731243, -73.668212],
            [42.731325, -73.668414],
            [42.731498, -73.668827],
            [42.731578, -73.669018],
            [42.731644, -73.669225],
            [42.731716, -73.669672],
            [42.731718, -73.669684]
        ],
        [
            [42.731718, -73.669684],
            [42.731802, -73.670219],
            [42.731865, -73.670424],
            [42.731939, -73.670558],
            [42.732032, -73.670659],
            [42.732193, -73.670745],
            [42.73224, -73.670788],
            [42.732289, -73.670876],
            [42.732316, -73.67102],
            [42.732407, -73.671688],
            [42.732461, -73.672128],
            [42.732539, -73.672734],
            [42.732587, -73.673097],
            [42.73263, -73.673142],
            [42.732697, -73.673644],
            [42.732784, -73.674329],
            [42.732851, -73.674836],
            [42.732881, -73.675066],
            [42.732984, -73.675851],
            [42.733044, -73.676339],
            [42.73301, -73.676398],
            [42.733038, -73.676566],

            [42.730825, -73.677199],
            [42.730777, -73.677212],
            [42.730777, -73.677212],
            [42.730711, -73.676737]
        ]
    ]
}
