{
    "STOPS": [
        "STUDENT_UNION",
        "ACADEMY_HALL",
        "POLYTECHNIC",
        "CITY_STATION",
        "BLITMAN",
        "WEST_HALL",
        "_86_FIELD"
    ],

    "STUDENT_UNION": [42.730711, -73.676737],
    "ACADEMY_HALL": [42.727985, -73.678],
    "POLYTECHNIC": [42.722903, -73.679567],
    "CITY_STATION": [42.727673, -73.687228],
    "BLITMAN": [42.73161, -73.68635],
    "WEST_HALL": [42.731503, -73.681261],
    "_86_FIELD": [42.731061, -73.67908],

    "ROUTES": [
        [
            [42.730711, -73.676737],
            [42.730768, -73.677146],
            [42.730777, -73.677212],
            [42.730777, -73.677212],
            [42.730281, -73.677351],
            [42.730081, -73.677407],
            [42.729967, -73.677439],
            [42.729489, -73.677573],
            [42.729131, -73.677674],
            [42.72899, -73.677714],
            [42.728674, -73.677805],
            [42.728525, -73.677847],
            [42.728183, -73.677948],
            [42.727985, -73.678]
        ],
        [
            [42.727985, -73.678],
            [42.727822, -73.678042],
            [42.727686, -73.678057],
            [42.727414, -73.678051],
            [42.727159, -73.678044],
            [42.726842, -73.678078],
            [42.726514, -73.678171],
            [42.72572, -73.678447],
            [42.725144, -73.67866],
            [42.724756, -73.67874],
            [42.724541, -73.678792],
            [42.723666, -73.67907],
            [42.723551, -73.679114],
            [42.723212, -73.679284],
            [42.723037, -73.679415],
            [42.722903, -73.679567]
        ],
        [
            [42.722903, -73.679567],
            [42.722768, -73.679746],
            [42.722735, -73.679789],
            [42.722735, -73.679789],
            [42.722994, -73.680152],
            [42.723209, -73.680428],
            [42.723282, -73.68051],
            [42.723358, -73.680597],
            [42.723478, -73.680701],
            [42.723603, -73.680777],
            [42.724322, -73.681105],
            [42.72447, -73.681176],
            [42.724756, -73.681292],
            [42.725308, -73.681459],
            [42.725865, -73.681543],
            [42.726159, -73.681564],
            [42.726272, -73.681579],
            [42.726371, -73.681618],
            [42.726536, -73.681732],
            [42.726626, -73.681824],
            [42.726691, -73.681914],
            [42.726753, -73.682042],
            [42.726902, -73.682477],
            [42.727398, -73.683953],
            [42.727528, -73.684491],
            [42.727583, -73.684823],
            [42.72759, -73.684991],
            [42.72767, -73.685138],
            [42.727728, -73.685303],
            [42.727798, -73.685607],
            [42.727874, -73.685846],
            [42.728173, -73.686553],
            [42.728198, -73.686617],
            [42.728264, -73.686822],
            [42.728321, -73.687083],
            [42.728364, -73.687418],
            [42.728402, -73.687722],
            [42.728425, -73.687913],
            [42.728448, -73.688094],
            [42.728478, -73.688285],
            [42.728489, -73.688339],
            [42.728489, -73.688339],
            [42.728163, -73.68841],
            [42.727796, -73.68849],


            [42.727796, -73.68849],
            [42.727796, -73.68849],
            [42.727432, -73.688569],
            [42.727385, -73.68858],
            [42.727385, -73.68858],
            [42.727302, -73.687907],
            [42.727288, -73.687793],
            [42.727236, -73.687387],
            [42.727229, -73.687331],
            [42.727229, -73.687331],
            [42.727424, -73.687284],
            [42.727673, -73.687228]
        ],
        [
            [42.727673, -73.687228],
            [42.728321, -73.687083],
            [42.728701, -73.687],
            [42.728886, -73.68696],
            [42.729428, -73.68684],
            [42.729598, -73.686802],
            [42.730163, -73.686676],
            [42.730596, -73.686578],
            [42.730628, -73.686571],
            [42.730859, -73.686518],
            [42.731021, -73.686483],
            [42.731283, -73.686425],
            [42.7316, -73.686353],
            [42.73161, -73.68635]
        ],
        [
            [42.73161, -73.68635],
            [42.731712, -73.686327],
            [42.732103, -73.686241],
            [42.732723, -73.686102],
            [42.733093, -73.685996],
            [42.73316, -73.685968],
            [42.733411, -73.685838],
            [42.733652, -73.685704],
            [42.733694, -73.685681],
            [42.733694, -73.685681],
            [42.733595, -73.685303],
            [42.733525, -73.684991],
            [42.733517, -73.684918],
            [42.73351, -73.684852],
            [42.73351, -73.684852],
            [42.733451, -73.6848],
            [42.73342, -73.684742],
            [42.733357, -73.684484],
            [42.733141, -73.683479],
            [42.732903, -73.682544],
            [42.732847, -73.682426],
            [42.732766, -73.682318],
            [42.732208, -73.681805],
            [42.73193, -73.681577],
            [42.731665, -73.681435],
            [42.731546, -73.681338],
            [42.731503, -73.681261]
        ],
        [
            [42.731503, -73.681261],
            [42.73126, -73.680304],
            [42.731236, -73.680189],
            [42.731139, -73.679567],
            [42.731087, -73.679254],
            [42.731061, -73.67908]
        ],
        [
            [42.731061, -73.67908],
            [42.731049, -73.679001],
            [42.730777, -73.677212],
            [42.730711, -73.676737]
        ]
    ]
}
